7.081880000000000397e-01,7.087820000000000231e-01,-1.943200000000000136e-02,-1.351399999999999997e-02,0.000000000000000000e+00,-4.754000000000000413e-03,-0.000000000000000000e+00,-0.000000000000000000e+00,-0.000000000000000000e+00,-4.503999999999999670e-02,-0.000000000000000000e+00,-5.029200000000000337e-02,-0.000000000000000000e+00,6.827300000000000035e-02,-8.877699999999999481e-02,-0.000000000000000000e+00,-0.000000000000000000e+00,1.740770000000000095e-01,6.625999999999999945e-03,-0.000000000000000000e+00,-0.000000000000000000e+00,0.000000000000000000e+00,-1.093400000000000066e-01,4.911579999999999835e-01,0.000000000000000000e+00,6.432520000000000460e-01,0.000000000000000000e+00,0.000000000000000000e+00,-0.000000000000000000e+00,1.363260000000000027e-01,-0.000000000000000000e+00,0.000000000000000000e+00,0.000000000000000000e+00,-3.428840000000000221e-01,-1.908910000000000051e-01,0.000000000000000000e+00,0.000000000000000000e+00,-0.000000000000000000e+00,-0.000000000000000000e+00,-1.624029999999999918e-01,0.000000000000000000e+00,-0.000000000000000000e+00,-1.901549999999999907e-01,-4.200510000000000077e-01,-3.587560000000000193e-01,0.000000000000000000e+00,-6.733300000000000396e-02,0.000000000000000000e+00
2.482999999999999964e-03,3.165999999999999977e-03,3.057130000000000125e-01,2.397279999999999966e-01,-0.000000000000000000e+00,-1.944500000000000048e-02,-0.000000000000000000e+00,-0.000000000000000000e+00,-0.000000000000000000e+00,5.970899999999999819e-02,0.000000000000000000e+00,8.910999999999999477e-02,-0.000000000000000000e+00,1.007800000000000015e-02,-1.888259999999999939e-01,-0.000000000000000000e+00,-0.000000000000000000e+00,2.991210000000000258e-01,2.189010000000000122e-01,0.000000000000000000e+00,-0.000000000000000000e+00,0.000000000000000000e+00,-2.158170000000000088e-01,1.128881999999999941e+00,0.000000000000000000e+00,1.382509999999999906e+00,0.000000000000000000e+00,0.000000000000000000e+00,-0.000000000000000000e+00,2.395690000000000042e-01,-0.000000000000000000e+00,0.000000000000000000e+00,0.000000000000000000e+00,-6.918379999999999530e-01,-4.599849999999999772e-01,0.000000000000000000e+00,0.000000000000000000e+00,-0.000000000000000000e+00,-0.000000000000000000e+00,-2.144840000000000080e-01,0.000000000000000000e+00,-0.000000000000000000e+00,-3.288240000000000052e-01,-9.909350000000000103e-01,-8.546070000000000055e-01,0.000000000000000000e+00,3.158699999999999702e-02,0.000000000000000000e+00
-4.113999999999999602e-03,-5.898999999999999730e-03,1.893229999999999913e-01,1.985820000000000085e-01,-0.000000000000000000e+00,2.356600000000000014e-02,0.000000000000000000e+00,0.000000000000000000e+00,0.000000000000000000e+00,1.376902999999999988e+00,0.000000000000000000e+00,1.539693999999999896e+00,0.000000000000000000e+00,-3.476160000000000139e+00,-3.515400000000000191e-01,-0.000000000000000000e+00,0.000000000000000000e+00,-4.774829999999999908e-01,4.002359999999999807e-01,0.000000000000000000e+00,-0.000000000000000000e+00,0.000000000000000000e+00,-7.457759999999999945e-01,-2.263024999999999842e+00,-0.000000000000000000e+00,-5.959792000000000201e+00,-0.000000000000000000e+00,-0.000000000000000000e+00,0.000000000000000000e+00,-9.584979999999999611e-01,-0.000000000000000000e+00,0.000000000000000000e+00,-0.000000000000000000e+00,2.670739999999999781e-01,-7.590189999999999992e-01,-0.000000000000000000e+00,0.000000000000000000e+00,0.000000000000000000e+00,0.000000000000000000e+00,4.216577000000000019e+00,-0.000000000000000000e+00,0.000000000000000000e+00,6.693780000000000285e-01,-3.840790000000000037e-01,-7.660169999999999479e-01,0.000000000000000000e+00,2.985803000000000207e+00,0.000000000000000000e+00
0.000000000000000000e+00,0.000000000000000000e+00,0.000000000000000000e+00,0.000000000000000000e+00,-0.000000000000000000e+00,0.000000000000000000e+00,-0.000000000000000000e+00,1.950939999999999896e-01,4.946099999999999941e-01,0.000000000000000000e+00,0.000000000000000000e+00,-0.000000000000000000e+00,-0.000000000000000000e+00,0.000000000000000000e+00,0.000000000000000000e+00,0.000000000000000000e+00,6.825839999999999685e-01,0.000000000000000000e+00,-0.000000000000000000e+00,7.501349999999999962e-01,0.000000000000000000e+00,0.000000000000000000e+00,-0.000000000000000000e+00,0.000000000000000000e+00,0.000000000000000000e+00,0.000000000000000000e+00,2.123269999999999880e-01,0.000000000000000000e+00,-0.000000000000000000e+00,-0.000000000000000000e+00,0.000000000000000000e+00,-0.000000000000000000e+00,-2.163329999999999975e-01,0.000000000000000000e+00,-0.000000000000000000e+00,0.000000000000000000e+00,-0.000000000000000000e+00,-2.494770000000000043e-01,-1.473690000000000000e-01,0.000000000000000000e+00,0.000000000000000000e+00,-0.000000000000000000e+00,0.000000000000000000e+00,-0.000000000000000000e+00,-0.000000000000000000e+00,-0.000000000000000000e+00,0.000000000000000000e+00,0.000000000000000000e+00
-8.500000000000000611e-05,-4.769999999999999934e-04,-1.332200000000000051e-01,1.560539999999999983e-01,-0.000000000000000000e+00,4.041640000000000232e-01,0.000000000000000000e+00,-0.000000000000000000e+00,-0.000000000000000000e+00,1.332820000000000116e-01,0.000000000000000000e+00,7.279900000000000260e-02,-0.000000000000000000e+00,1.673840000000000050e-01,4.217040000000000233e-01,0.000000000000000000e+00,0.000000000000000000e+00,-2.569919999999999982e-01,-1.881240000000000134e-01,-0.000000000000000000e+00,0.000000000000000000e+00,-0.000000000000000000e+00,-6.691080000000000361e-01,2.332710000000000061e-01,-0.000000000000000000e+00,-7.976500000000000257e-02,0.000000000000000000e+00,-0.000000000000000000e+00,0.000000000000000000e+00,4.465000000000000219e-03,-0.000000000000000000e+00,0.000000000000000000e+00,-0.000000000000000000e+00,2.561640000000000028e-01,3.291229999999999989e-01,-0.000000000000000000e+00,-0.000000000000000000e+00,0.000000000000000000e+00,-0.000000000000000000e+00,-8.698949999999999738e-01,0.000000000000000000e+00,-0.000000000000000000e+00,3.615160000000000040e-01,2.761790000000000078e-01,-5.387819999999999832e-01,0.000000000000000000e+00,7.493450000000000388e-01,0.000000000000000000e+00
-0.000000000000000000e+00,-0.000000000000000000e+00,-0.000000000000000000e+00,0.000000000000000000e+00,3.165339999999999820e-01,0.000000000000000000e+00,-3.026159999999999961e-01,0.000000000000000000e+00,0.000000000000000000e+00,0.000000000000000000e+00,-2.245219999999999994e-01,0.000000000000000000e+00,2.014489999999999892e-01,0.000000000000000000e+00,0.000000000000000000e+00,-6.255399999999999849e-02,-0.000000000000000000e+00,-0.000000000000000000e+00,-0.000000000000000000e+00,0.000000000000000000e+00,-5.969349999999999934e-01,6.867950000000000443e-01,-0.000000000000000000e+00,0.000000000000000000e+00,0.000000000000000000e+00,-0.000000000000000000e+00,-0.000000000000000000e+00,1.873190000000000133e-01,0.000000000000000000e+00,0.000000000000000000e+00,8.324800000000000255e-02,-2.257599999999999885e-02,0.000000000000000000e+00,0.000000000000000000e+00,0.000000000000000000e+00,9.179900000000000559e-02,0.000000000000000000e+00,0.000000000000000000e+00,0.000000000000000000e+00,-0.000000000000000000e+00,-0.000000000000000000e+00,7.752499999999999947e-01,0.000000000000000000e+00,0.000000000000000000e+00,-0.000000000000000000e+00,-1.053914000000000017e+00,0.000000000000000000e+00,-5.580460000000000420e-01
-0.000000000000000000e+00,0.000000000000000000e+00,0.000000000000000000e+00,0.000000000000000000e+00,-0.000000000000000000e+00,0.000000000000000000e+00,-0.000000000000000000e+00,4.977489999999999970e-01,5.711810000000000498e-01,0.000000000000000000e+00,0.000000000000000000e+00,0.000000000000000000e+00,-0.000000000000000000e+00,0.000000000000000000e+00,-0.000000000000000000e+00,-0.000000000000000000e+00,-6.109219999999999651e-01,-0.000000000000000000e+00,0.000000000000000000e+00,-1.153286999999999951e+00,-0.000000000000000000e+00,0.000000000000000000e+00,0.000000000000000000e+00,-0.000000000000000000e+00,0.000000000000000000e+00,0.000000000000000000e+00,-1.265400000000000136e-01,-0.000000000000000000e+00,0.000000000000000000e+00,-0.000000000000000000e+00,0.000000000000000000e+00,0.000000000000000000e+00,-6.358709999999999640e-01,0.000000000000000000e+00,-0.000000000000000000e+00,0.000000000000000000e+00,-0.000000000000000000e+00,-1.797199999999999909e-01,-8.801000000000000489e-02,0.000000000000000000e+00,0.000000000000000000e+00,-0.000000000000000000e+00,0.000000000000000000e+00,0.000000000000000000e+00,-0.000000000000000000e+00,-0.000000000000000000e+00,0.000000000000000000e+00,0.000000000000000000e+00
-2.059999999999999928e-04,8.850000000000000444e-04,-2.596199999999999897e-02,5.735500000000000320e-02,-0.000000000000000000e+00,1.402970000000000050e-01,0.000000000000000000e+00,-0.000000000000000000e+00,-0.000000000000000000e+00,5.315769999999999662e-01,0.000000000000000000e+00,3.272499999999999853e-01,-0.000000000000000000e+00,3.252937999999999885e+00,-1.007973000000000008e+00,-0.000000000000000000e+00,-0.000000000000000000e+00,5.997099999999999653e-02,-2.088639999999999941e-01,0.000000000000000000e+00,-0.000000000000000000e+00,0.000000000000000000e+00,2.142259999999999831e+00,-6.575069999999999526e-01,-0.000000000000000000e+00,2.074161999999999839e+00,-0.000000000000000000e+00,0.000000000000000000e+00,-0.000000000000000000e+00,-5.920699999999999852e-01,0.000000000000000000e+00,-0.000000000000000000e+00,-0.000000000000000000e+00,-6.861040000000000472e-01,1.221640999999999977e+00,0.000000000000000000e+00,-0.000000000000000000e+00,-0.000000000000000000e+00,-0.000000000000000000e+00,-2.263688999999999840e+00,0.000000000000000000e+00,-0.000000000000000000e+00,1.931759999999999866e-01,-4.081219999999999848e-01,-2.510399999999999854e-01,0.000000000000000000e+00,-6.006350000000000300e-01,0.000000000000000000e+00
-0.000000000000000000e+00,0.000000000000000000e+00,-0.000000000000000000e+00,0.000000000000000000e+00,1.231259999999999993e-01,0.000000000000000000e+00,-1.329950000000000021e-01,0.000000000000000000e+00,0.000000000000000000e+00,0.000000000000000000e+00,-7.643339999999999579e-01,0.000000000000000000e+00,1.613105000000000011e+00,0.000000000000000000e+00,-0.000000000000000000e+00,3.794589999999999907e-01,0.000000000000000000e+00,0.000000000000000000e+00,-0.000000000000000000e+00,-0.000000000000000000e+00,1.374625999999999904e+00,-2.005733000000000210e+00,0.000000000000000000e+00,-0.000000000000000000e+00,-0.000000000000000000e+00,0.000000000000000000e+00,0.000000000000000000e+00,-2.969886999999999944e+00,-0.000000000000000000e+00,-0.000000000000000000e+00,-2.091184999999999850e+00,5.947679999999999634e-01,0.000000000000000000e+00,-0.000000000000000000e+00,0.000000000000000000e+00,-2.096919999999999895e-01,-0.000000000000000000e+00,-0.000000000000000000e+00,0.000000000000000000e+00,-0.000000000000000000e+00,0.000000000000000000e+00,5.935730000000000173e-01,0.000000000000000000e+00,-0.000000000000000000e+00,-0.000000000000000000e+00,-6.469979999999999620e-01,-0.000000000000000000e+00,-6.661519999999999664e-01
-3.009999999999999980e-04,-8.009999999999999542e-04,-1.232800000000000042e-02,2.583999999999999925e-03,-0.000000000000000000e+00,2.485999999999999929e-03,-0.000000000000000000e+00,-0.000000000000000000e+00,-0.000000000000000000e+00,-1.350900000000000017e-02,-0.000000000000000000e+00,-1.803599999999999995e-02,-0.000000000000000000e+00,4.839500000000000052e-02,1.630000000000000047e-04,-0.000000000000000000e+00,0.000000000000000000e+00,-1.951569999999999971e-01,2.112269999999999981e-01,0.000000000000000000e+00,0.000000000000000000e+00,0.000000000000000000e+00,4.139999999999999930e-02,-4.393000000000000203e-03,0.000000000000000000e+00,3.132100000000000162e-02,0.000000000000000000e+00,-0.000000000000000000e+00,0.000000000000000000e+00,5.491620000000000390e-01,0.000000000000000000e+00,-0.000000000000000000e+00,0.000000000000000000e+00,-4.452269999999999839e-01,-2.301090000000000080e-01,0.000000000000000000e+00,-0.000000000000000000e+00,-0.000000000000000000e+00,-0.000000000000000000e+00,-8.178879999999999484e-01,0.000000000000000000e+00,-0.000000000000000000e+00,-1.915509999999999990e-01,4.701940000000000008e-01,3.926009999999999778e-01,-0.000000000000000000e+00,-7.130480000000000151e-01,-0.000000000000000000e+00
-0.000000000000000000e+00,-0.000000000000000000e+00,-0.000000000000000000e+00,0.000000000000000000e+00,-0.000000000000000000e+00,0.000000000000000000e+00,0.000000000000000000e+00,3.229300000000000226e-02,-3.099999999999999978e-02,-0.000000000000000000e+00,0.000000000000000000e+00,0.000000000000000000e+00,-0.000000000000000000e+00,0.000000000000000000e+00,0.000000000000000000e+00,-0.000000000000000000e+00,-1.119040000000000035e-01,-0.000000000000000000e+00,-0.000000000000000000e+00,7.654500000000000193e-02,0.000000000000000000e+00,0.000000000000000000e+00,0.000000000000000000e+00,-0.000000000000000000e+00,0.000000000000000000e+00,0.000000000000000000e+00,4.914979999999999905e-01,0.000000000000000000e+00,0.000000000000000000e+00,-0.000000000000000000e+00,0.000000000000000000e+00,0.000000000000000000e+00,4.070469999999999922e-01,0.000000000000000000e+00,0.000000000000000000e+00,0.000000000000000000e+00,0.000000000000000000e+00,-4.099349999999999938e-01,1.069263999999999992e+00,-0.000000000000000000e+00,-0.000000000000000000e+00,-0.000000000000000000e+00,0.000000000000000000e+00,-0.000000000000000000e+00,-0.000000000000000000e+00,-0.000000000000000000e+00,0.000000000000000000e+00,-0.000000000000000000e+00
0.000000000000000000e+00,0.000000000000000000e+00,0.000000000000000000e+00,0.000000000000000000e+00,0.000000000000000000e+00,-0.000000000000000000e+00,-0.000000000000000000e+00,0.000000000000000000e+00,-0.000000000000000000e+00,0.000000000000000000e+00,0.000000000000000000e+00,0.000000000000000000e+00,0.000000000000000000e+00,0.000000000000000000e+00,-0.000000000000000000e+00,-0.000000000000000000e+00,-0.000000000000000000e+00,0.000000000000000000e+00,0.000000000000000000e+00,0.000000000000000000e+00,0.000000000000000000e+00,-0.000000000000000000e+00,0.000000000000000000e+00,0.000000000000000000e+00,-4.858100000000000196e-01,-0.000000000000000000e+00,0.000000000000000000e+00,0.000000000000000000e+00,-4.016810000000000103e-01,0.000000000000000000e+00,-0.000000000000000000e+00,0.000000000000000000e+00,0.000000000000000000e+00,-0.000000000000000000e+00,-0.000000000000000000e+00,0.000000000000000000e+00,-5.869499999999999718e-01,-0.000000000000000000e+00,0.000000000000000000e+00,0.000000000000000000e+00,8.637129999999999530e-01,0.000000000000000000e+00,0.000000000000000000e+00,0.000000000000000000e+00,-0.000000000000000000e+00,-0.000000000000000000e+00,0.000000000000000000e+00,-0.000000000000000000e+00
4.899999999999999842e-05,2.210000000000000050e-04,1.868399999999999922e-02,-1.482699999999999990e-02,0.000000000000000000e+00,-2.684999999999999887e-02,0.000000000000000000e+00,0.000000000000000000e+00,0.000000000000000000e+00,-4.448999999999999830e-03,-0.000000000000000000e+00,-1.567500000000000143e-02,-0.000000000000000000e+00,-1.623000000000000137e-02,-6.616500000000000159e-02,0.000000000000000000e+00,0.000000000000000000e+00,-7.716499999999999748e-02,-1.994999999999999812e-03,-0.000000000000000000e+00,-0.000000000000000000e+00,0.000000000000000000e+00,-2.947279999999999900e-01,1.436590000000000089e-01,0.000000000000000000e+00,-2.333330000000000126e-01,0.000000000000000000e+00,-0.000000000000000000e+00,0.000000000000000000e+00,3.253300000000000081e-01,0.000000000000000000e+00,-0.000000000000000000e+00,0.000000000000000000e+00,3.337749999999999884e-01,-2.687320000000000264e-01,-0.000000000000000000e+00,-0.000000000000000000e+00,0.000000000000000000e+00,0.000000000000000000e+00,4.644170000000000242e-01,-0.000000000000000000e+00,0.000000000000000000e+00,7.426009999999999556e-01,-7.820909999999999807e-01,4.988480000000000136e-01,0.000000000000000000e+00,-1.017810000000000104e+00,0.000000000000000000e+00
0.000000000000000000e+00,0.000000000000000000e+00,0.000000000000000000e+00,-0.000000000000000000e+00,-4.269000000000000225e-03,-0.000000000000000000e+00,-3.526800000000000074e-02,0.000000000000000000e+00,0.000000000000000000e+00,-0.000000000000000000e+00,7.998999999999999166e-03,-0.000000000000000000e+00,2.924900000000000069e-02,-0.000000000000000000e+00,-0.000000000000000000e+00,-1.539560000000000095e-01,0.000000000000000000e+00,-0.000000000000000000e+00,0.000000000000000000e+00,-0.000000000000000000e+00,2.362680000000000058e-01,-1.331009999999999971e-01,-0.000000000000000000e+00,0.000000000000000000e+00,0.000000000000000000e+00,-0.000000000000000000e+00,-0.000000000000000000e+00,2.481909999999999950e-01,0.000000000000000000e+00,0.000000000000000000e+00,-6.150100000000000011e-02,3.650269999999999904e-01,-0.000000000000000000e+00,0.000000000000000000e+00,-0.000000000000000000e+00,4.465749999999999997e-01,0.000000000000000000e+00,-0.000000000000000000e+00,-0.000000000000000000e+00,0.000000000000000000e+00,0.000000000000000000e+00,-2.849579999999999891e-01,0.000000000000000000e+00,-0.000000000000000000e+00,0.000000000000000000e+00,-7.849300000000000166e-01,-0.000000000000000000e+00,-1.910412999999999917e+00
7.081880000000000397e-01,-7.087809999999999944e-01,-1.943200000000000136e-02,1.351399999999999997e-02,0.000000000000000000e+00,-4.754000000000000413e-03,0.000000000000000000e+00,0.000000000000000000e+00,0.000000000000000000e+00,-4.503999999999999670e-02,-0.000000000000000000e+00,5.029200000000000337e-02,0.000000000000000000e+00,-6.827300000000000035e-02,-8.877699999999999481e-02,-0.000000000000000000e+00,-0.000000000000000000e+00,1.740770000000000095e-01,-6.625999999999999945e-03,0.000000000000000000e+00,-0.000000000000000000e+00,-0.000000000000000000e+00,1.093400000000000066e-01,4.911579999999999835e-01,0.000000000000000000e+00,-6.432520000000000460e-01,0.000000000000000000e+00,-0.000000000000000000e+00,0.000000000000000000e+00,1.363260000000000027e-01,-0.000000000000000000e+00,0.000000000000000000e+00,-0.000000000000000000e+00,-3.428840000000000221e-01,1.908900000000000041e-01,0.000000000000000000e+00,0.000000000000000000e+00,-0.000000000000000000e+00,0.000000000000000000e+00,1.624029999999999918e-01,-0.000000000000000000e+00,-0.000000000000000000e+00,-1.901549999999999907e-01,4.200510000000000077e-01,-3.587560000000000193e-01,0.000000000000000000e+00,6.733300000000000396e-02,-0.000000000000000000e+00
2.482999999999999964e-03,-3.165999999999999977e-03,3.057130000000000125e-01,-2.397279999999999966e-01,-0.000000000000000000e+00,-1.944500000000000048e-02,0.000000000000000000e+00,0.000000000000000000e+00,0.000000000000000000e+00,5.970899999999999819e-02,0.000000000000000000e+00,-8.910999999999999477e-02,0.000000000000000000e+00,-1.007800000000000015e-02,-1.888259999999999939e-01,-0.000000000000000000e+00,-0.000000000000000000e+00,2.991210000000000258e-01,-2.189010000000000122e-01,-0.000000000000000000e+00,-0.000000000000000000e+00,-0.000000000000000000e+00,2.158170000000000088e-01,1.128881999999999941e+00,0.000000000000000000e+00,-1.382509999999999906e+00,0.000000000000000000e+00,-0.000000000000000000e+00,0.000000000000000000e+00,2.395690000000000042e-01,0.000000000000000000e+00,0.000000000000000000e+00,-0.000000000000000000e+00,-6.918389999999999818e-01,4.599840000000000040e-01,0.000000000000000000e+00,0.000000000000000000e+00,-0.000000000000000000e+00,0.000000000000000000e+00,2.144840000000000080e-01,-0.000000000000000000e+00,-0.000000000000000000e+00,-3.288240000000000052e-01,9.909350000000000103e-01,-8.546070000000000055e-01,0.000000000000000000e+00,-3.158699999999999702e-02,-0.000000000000000000e+00
-4.113999999999999602e-03,5.898999999999999730e-03,1.893229999999999913e-01,-1.985820000000000085e-01,-0.000000000000000000e+00,2.356600000000000014e-02,-0.000000000000000000e+00,-0.000000000000000000e+00,-0.000000000000000000e+00,1.376902999999999988e+00,0.000000000000000000e+00,-1.539693999999999896e+00,-0.000000000000000000e+00,3.476160000000000139e+00,-3.515400000000000191e-01,-0.000000000000000000e+00,0.000000000000000000e+00,-4.774829999999999908e-01,-4.002359999999999807e-01,-0.000000000000000000e+00,0.000000000000000000e+00,-0.000000000000000000e+00,7.457759999999999945e-01,-2.263024999999999842e+00,-0.000000000000000000e+00,5.959792000000000201e+00,-0.000000000000000000e+00,0.000000000000000000e+00,-0.000000000000000000e+00,-9.584979999999999611e-01,0.000000000000000000e+00,-0.000000000000000000e+00,0.000000000000000000e+00,2.670719999999999761e-01,7.590189999999999992e-01,-0.000000000000000000e+00,-0.000000000000000000e+00,0.000000000000000000e+00,-0.000000000000000000e+00,-4.216577000000000019e+00,0.000000000000000000e+00,-0.000000000000000000e+00,6.693780000000000285e-01,3.840779999999999750e-01,-7.660169999999999479e-01,0.000000000000000000e+00,-2.985803000000000207e+00,-0.000000000000000000e+00
0.000000000000000000e+00,-0.000000000000000000e+00,0.000000000000000000e+00,-0.000000000000000000e+00,-0.000000000000000000e+00,0.000000000000000000e+00,0.000000000000000000e+00,-5.047279999999999545e-01,1.671839999999999993e-01,0.000000000000000000e+00,-0.000000000000000000e+00,-0.000000000000000000e+00,0.000000000000000000e+00,-0.000000000000000000e+00,0.000000000000000000e+00,0.000000000000000000e+00,6.825839999999999685e-01,0.000000000000000000e+00,0.000000000000000000e+00,-7.501349999999999962e-01,-0.000000000000000000e+00,-0.000000000000000000e+00,0.000000000000000000e+00,-0.000000000000000000e+00,0.000000000000000000e+00,-0.000000000000000000e+00,2.123269999999999880e-01,0.000000000000000000e+00,-0.000000000000000000e+00,-0.000000000000000000e+00,-0.000000000000000000e+00,-0.000000000000000000e+00,2.163329999999999975e-01,0.000000000000000000e+00,0.000000000000000000e+00,-0.000000000000000000e+00,-0.000000000000000000e+00,-2.494770000000000043e-01,1.473690000000000000e-01,-0.000000000000000000e+00,-0.000000000000000000e+00,0.000000000000000000e+00,0.000000000000000000e+00,0.000000000000000000e+00,-0.000000000000000000e+00,0.000000000000000000e+00,-0.000000000000000000e+00,-0.000000000000000000e+00
8.500000000000000611e-05,-4.769999999999999934e-04,1.332200000000000051e-01,1.560539999999999983e-01,-0.000000000000000000e+00,-4.041640000000000232e-01,-0.000000000000000000e+00,-0.000000000000000000e+00,-0.000000000000000000e+00,-1.332820000000000116e-01,0.000000000000000000e+00,7.279900000000000260e-02,0.000000000000000000e+00,1.673840000000000050e-01,-4.217040000000000233e-01,0.000000000000000000e+00,-0.000000000000000000e+00,2.569919999999999982e-01,-1.881240000000000134e-01,-0.000000000000000000e+00,0.000000000000000000e+00,0.000000000000000000e+00,-6.691080000000000361e-01,-2.332710000000000061e-01,-0.000000000000000000e+00,-7.976500000000000257e-02,-0.000000000000000000e+00,0.000000000000000000e+00,0.000000000000000000e+00,-4.465000000000000219e-03,0.000000000000000000e+00,0.000000000000000000e+00,-0.000000000000000000e+00,-2.561640000000000028e-01,3.291220000000000256e-01,-0.000000000000000000e+00,-0.000000000000000000e+00,-0.000000000000000000e+00,-0.000000000000000000e+00,-8.698949999999999738e-01,0.000000000000000000e+00,0.000000000000000000e+00,-3.615160000000000040e-01,2.761790000000000078e-01,5.387819999999999832e-01,0.000000000000000000e+00,7.493450000000000388e-01,-0.000000000000000000e+00
0.000000000000000000e+00,-0.000000000000000000e+00,0.000000000000000000e+00,0.000000000000000000e+00,3.165339999999999820e-01,-0.000000000000000000e+00,3.026159999999999961e-01,0.000000000000000000e+00,0.000000000000000000e+00,-0.000000000000000000e+00,-2.245219999999999994e-01,0.000000000000000000e+00,-2.014489999999999892e-01,0.000000000000000000e+00,-0.000000000000000000e+00,-6.255399999999999849e-02,-0.000000000000000000e+00,0.000000000000000000e+00,-0.000000000000000000e+00,0.000000000000000000e+00,-5.969349999999999934e-01,-6.867950000000000443e-01,-0.000000000000000000e+00,-0.000000000000000000e+00,0.000000000000000000e+00,-0.000000000000000000e+00,0.000000000000000000e+00,-1.873190000000000133e-01,-0.000000000000000000e+00,-0.000000000000000000e+00,-8.324800000000000255e-02,-2.257599999999999885e-02,0.000000000000000000e+00,-0.000000000000000000e+00,0.000000000000000000e+00,9.179900000000000559e-02,0.000000000000000000e+00,0.000000000000000000e+00,-0.000000000000000000e+00,-0.000000000000000000e+00,0.000000000000000000e+00,-7.752499999999999947e-01,-0.000000000000000000e+00,0.000000000000000000e+00,0.000000000000000000e+00,-1.053914000000000017e+00,0.000000000000000000e+00,5.580460000000000420e-01
0.000000000000000000e+00,-0.000000000000000000e+00,0.000000000000000000e+00,-0.000000000000000000e+00,0.000000000000000000e+00,-0.000000000000000000e+00,0.000000000000000000e+00,-7.574579999999999647e-01,-1.609299999999999967e-02,0.000000000000000000e+00,-0.000000000000000000e+00,-0.000000000000000000e+00,0.000000000000000000e+00,-0.000000000000000000e+00,-0.000000000000000000e+00,0.000000000000000000e+00,-6.109219999999999651e-01,-0.000000000000000000e+00,-0.000000000000000000e+00,1.153286999999999951e+00,0.000000000000000000e+00,-0.000000000000000000e+00,-0.000000000000000000e+00,-0.000000000000000000e+00,-0.000000000000000000e+00,-0.000000000000000000e+00,-1.265400000000000136e-01,-0.000000000000000000e+00,0.000000000000000000e+00,-0.000000000000000000e+00,-0.000000000000000000e+00,-0.000000000000000000e+00,6.358709999999999640e-01,0.000000000000000000e+00,0.000000000000000000e+00,-0.000000000000000000e+00,-0.000000000000000000e+00,-1.797199999999999909e-01,8.801000000000000489e-02,-0.000000000000000000e+00,-0.000000000000000000e+00,0.000000000000000000e+00,0.000000000000000000e+00,0.000000000000000000e+00,-0.000000000000000000e+00,0.000000000000000000e+00,-0.000000000000000000e+00,-0.000000000000000000e+00
2.059999999999999928e-04,8.850000000000000444e-04,2.596199999999999897e-02,5.735500000000000320e-02,-0.000000000000000000e+00,-1.402970000000000050e-01,-0.000000000000000000e+00,-0.000000000000000000e+00,-0.000000000000000000e+00,-5.315769999999999662e-01,0.000000000000000000e+00,3.272499999999999853e-01,0.000000000000000000e+00,3.252937999999999885e+00,1.007973000000000008e+00,-0.000000000000000000e+00,-0.000000000000000000e+00,-5.997099999999999653e-02,-2.088639999999999941e-01,0.000000000000000000e+00,-0.000000000000000000e+00,-0.000000000000000000e+00,2.142259999999999831e+00,6.575069999999999526e-01,-0.000000000000000000e+00,2.074161999999999839e+00,0.000000000000000000e+00,-0.000000000000000000e+00,-0.000000000000000000e+00,5.920699999999999852e-01,-0.000000000000000000e+00,-0.000000000000000000e+00,-0.000000000000000000e+00,6.861009999999999609e-01,1.221641999999999895e+00,0.000000000000000000e+00,-0.000000000000000000e+00,0.000000000000000000e+00,-0.000000000000000000e+00,-2.263688999999999840e+00,0.000000000000000000e+00,0.000000000000000000e+00,-1.931759999999999866e-01,-4.081219999999999848e-01,2.510399999999999854e-01,0.000000000000000000e+00,-6.006350000000000300e-01,-0.000000000000000000e+00
0.000000000000000000e+00,0.000000000000000000e+00,0.000000000000000000e+00,0.000000000000000000e+00,1.231259999999999993e-01,-0.000000000000000000e+00,1.329950000000000021e-01,-0.000000000000000000e+00,-0.000000000000000000e+00,-0.000000000000000000e+00,-7.643339999999999579e-01,0.000000000000000000e+00,-1.613105000000000011e+00,0.000000000000000000e+00,0.000000000000000000e+00,3.794589999999999907e-01,0.000000000000000000e+00,-0.000000000000000000e+00,-0.000000000000000000e+00,-0.000000000000000000e+00,1.374625999999999904e+00,2.005733000000000210e+00,0.000000000000000000e+00,0.000000000000000000e+00,-0.000000000000000000e+00,0.000000000000000000e+00,-0.000000000000000000e+00,2.969886999999999944e+00,0.000000000000000000e+00,0.000000000000000000e+00,2.091184999999999850e+00,5.947670000000000456e-01,-0.000000000000000000e+00,0.000000000000000000e+00,0.000000000000000000e+00,-2.096919999999999895e-01,-0.000000000000000000e+00,0.000000000000000000e+00,-0.000000000000000000e+00,-0.000000000000000000e+00,-0.000000000000000000e+00,-5.935730000000000173e-01,-0.000000000000000000e+00,-0.000000000000000000e+00,0.000000000000000000e+00,-6.469979999999999620e-01,-0.000000000000000000e+00,6.661519999999999664e-01
-3.009999999999999980e-04,8.009999999999999542e-04,-1.232800000000000042e-02,-2.583999999999999925e-03,-0.000000000000000000e+00,2.485999999999999929e-03,0.000000000000000000e+00,0.000000000000000000e+00,0.000000000000000000e+00,-1.350900000000000017e-02,-0.000000000000000000e+00,1.803599999999999995e-02,0.000000000000000000e+00,-4.839500000000000052e-02,1.630000000000000047e-04,-0.000000000000000000e+00,0.000000000000000000e+00,-1.951569999999999971e-01,-2.112269999999999981e-01,-0.000000000000000000e+00,0.000000000000000000e+00,-0.000000000000000000e+00,-4.139999999999999930e-02,-4.393000000000000203e-03,-0.000000000000000000e+00,-3.132100000000000162e-02,0.000000000000000000e+00,-0.000000000000000000e+00,0.000000000000000000e+00,5.491620000000000390e-01,-0.000000000000000000e+00,0.000000000000000000e+00,-0.000000000000000000e+00,-4.452280000000000126e-01,2.301080000000000070e-01,0.000000000000000000e+00,0.000000000000000000e+00,-0.000000000000000000e+00,0.000000000000000000e+00,8.178879999999999484e-01,-0.000000000000000000e+00,0.000000000000000000e+00,-1.915509999999999990e-01,-4.701940000000000008e-01,3.926000000000000045e-01,-0.000000000000000000e+00,7.130480000000000151e-01,0.000000000000000000e+00
-0.000000000000000000e+00,-0.000000000000000000e+00,0.000000000000000000e+00,0.000000000000000000e+00,-0.000000000000000000e+00,-0.000000000000000000e+00,-0.000000000000000000e+00,-3.105000000000000121e-03,4.465700000000000225e-02,-0.000000000000000000e+00,0.000000000000000000e+00,0.000000000000000000e+00,-0.000000000000000000e+00,0.000000000000000000e+00,-0.000000000000000000e+00,0.000000000000000000e+00,1.119040000000000035e-01,0.000000000000000000e+00,-0.000000000000000000e+00,7.654500000000000193e-02,0.000000000000000000e+00,-0.000000000000000000e+00,0.000000000000000000e+00,0.000000000000000000e+00,0.000000000000000000e+00,-0.000000000000000000e+00,-4.914979999999999905e-01,-0.000000000000000000e+00,-0.000000000000000000e+00,0.000000000000000000e+00,0.000000000000000000e+00,0.000000000000000000e+00,4.070469999999999922e-01,-0.000000000000000000e+00,0.000000000000000000e+00,0.000000000000000000e+00,0.000000000000000000e+00,4.099349999999999938e-01,1.069263999999999992e+00,-0.000000000000000000e+00,0.000000000000000000e+00,-0.000000000000000000e+00,-0.000000000000000000e+00,-0.000000000000000000e+00,0.000000000000000000e+00,0.000000000000000000e+00,0.000000000000000000e+00,-0.000000000000000000e+00
-0.000000000000000000e+00,0.000000000000000000e+00,0.000000000000000000e+00,0.000000000000000000e+00,0.000000000000000000e+00,0.000000000000000000e+00,0.000000000000000000e+00,-0.000000000000000000e+00,0.000000000000000000e+00,-0.000000000000000000e+00,0.000000000000000000e+00,0.000000000000000000e+00,-0.000000000000000000e+00,-0.000000000000000000e+00,-0.000000000000000000e+00,-0.000000000000000000e+00,0.000000000000000000e+00,0.000000000000000000e+00,0.000000000000000000e+00,0.000000000000000000e+00,0.000000000000000000e+00,0.000000000000000000e+00,0.000000000000000000e+00,0.000000000000000000e+00,-4.858100000000000196e-01,0.000000000000000000e+00,-0.000000000000000000e+00,-0.000000000000000000e+00,4.016810000000000103e-01,-0.000000000000000000e+00,0.000000000000000000e+00,0.000000000000000000e+00,0.000000000000000000e+00,-0.000000000000000000e+00,-0.000000000000000000e+00,0.000000000000000000e+00,-5.869499999999999718e-01,0.000000000000000000e+00,0.000000000000000000e+00,-0.000000000000000000e+00,-8.637129999999999530e-01,-0.000000000000000000e+00,-0.000000000000000000e+00,-0.000000000000000000e+00,-0.000000000000000000e+00,-0.000000000000000000e+00,-0.000000000000000000e+00,0.000000000000000000e+00
4.899999999999999842e-05,-2.210000000000000050e-04,1.868399999999999922e-02,1.482699999999999990e-02,-0.000000000000000000e+00,-2.684999999999999887e-02,0.000000000000000000e+00,-0.000000000000000000e+00,-0.000000000000000000e+00,-4.448999999999999830e-03,0.000000000000000000e+00,1.567500000000000143e-02,-0.000000000000000000e+00,1.623000000000000137e-02,-6.616500000000000159e-02,-0.000000000000000000e+00,0.000000000000000000e+00,-7.716499999999999748e-02,1.994999999999999812e-03,0.000000000000000000e+00,0.000000000000000000e+00,0.000000000000000000e+00,2.947279999999999900e-01,1.436590000000000089e-01,0.000000000000000000e+00,2.333330000000000126e-01,0.000000000000000000e+00,-0.000000000000000000e+00,-0.000000000000000000e+00,3.253300000000000081e-01,0.000000000000000000e+00,0.000000000000000000e+00,-0.000000000000000000e+00,3.337749999999999884e-01,2.687329999999999997e-01,0.000000000000000000e+00,-0.000000000000000000e+00,0.000000000000000000e+00,-0.000000000000000000e+00,-4.644170000000000242e-01,-0.000000000000000000e+00,0.000000000000000000e+00,7.426009999999999556e-01,7.820909999999999807e-01,4.988480000000000136e-01,-0.000000000000000000e+00,1.017811000000000021e+00,0.000000000000000000e+00
0.000000000000000000e+00,-0.000000000000000000e+00,0.000000000000000000e+00,0.000000000000000000e+00,4.269000000000000225e-03,-0.000000000000000000e+00,-3.526800000000000074e-02,0.000000000000000000e+00,0.000000000000000000e+00,-0.000000000000000000e+00,-7.998999999999999166e-03,0.000000000000000000e+00,2.924900000000000069e-02,0.000000000000000000e+00,-0.000000000000000000e+00,1.539560000000000095e-01,-0.000000000000000000e+00,-0.000000000000000000e+00,0.000000000000000000e+00,0.000000000000000000e+00,-2.362680000000000058e-01,-1.331009999999999971e-01,0.000000000000000000e+00,0.000000000000000000e+00,-0.000000000000000000e+00,0.000000000000000000e+00,-0.000000000000000000e+00,2.481909999999999950e-01,0.000000000000000000e+00,0.000000000000000000e+00,-6.150100000000000011e-02,-3.650269999999999904e-01,-0.000000000000000000e+00,0.000000000000000000e+00,0.000000000000000000e+00,-4.465749999999999997e-01,-0.000000000000000000e+00,0.000000000000000000e+00,-0.000000000000000000e+00,-0.000000000000000000e+00,0.000000000000000000e+00,-2.849579999999999891e-01,0.000000000000000000e+00,0.000000000000000000e+00,0.000000000000000000e+00,7.849300000000000166e-01,0.000000000000000000e+00,-1.910412999999999917e+00
-1.190000000000000058e-04,-2.770000000000000110e-04,1.055730000000000002e-01,1.917490000000000028e-01,2.057849999999999957e-01,1.681590000000000029e-01,-2.502730000000000232e-01,-0.000000000000000000e+00,0.000000000000000000e+00,-1.309500000000000074e-02,3.607799999999999896e-02,-2.393199999999999841e-02,1.635500000000000148e-02,-1.015189999999999981e-01,2.224980000000000013e-01,-5.167890000000000539e-01,-0.000000000000000000e+00,4.914209999999999967e-01,-5.335959999999999592e-01,-0.000000000000000000e+00,1.560100000000000028e-02,-1.461780000000000024e-01,9.811200000000000476e-02,-3.160799999999999721e-02,0.000000000000000000e+00,2.358899999999999886e-01,-0.000000000000000000e+00,6.555889999999999773e-01,0.000000000000000000e+00,5.287910000000000110e-01,5.363940000000000374e-01,-4.178129999999999900e-01,0.000000000000000000e+00,1.826699999999999852e-02,-2.763490000000000113e-01,-2.127699999999999869e-01,-0.000000000000000000e+00,0.000000000000000000e+00,-0.000000000000000000e+00,-2.635950000000000237e-01,-0.000000000000000000e+00,-2.095599999999999963e-01,-3.106400000000000133e-02,2.588509999999999978e-01,7.029999999999999583e-01,8.399879999999999569e-01,-9.833420000000000494e-01,1.138279999999999959e+00
1.023000000000000038e-03,6.780000000000000002e-04,6.074000000000000406e-03,3.539300000000000085e-02,5.419700000000000212e-02,6.401700000000000446e-02,-1.189039999999999958e-01,-0.000000000000000000e+00,-0.000000000000000000e+00,-9.246640000000000414e-01,1.156930999999999932e+00,-1.066832000000000003e+00,-1.645116999999999940e+00,-6.875200000000000200e-01,2.706199999999999925e-02,2.483910000000000007e-01,0.000000000000000000e+00,-1.609790000000000110e-01,4.254279999999999728e-01,0.000000000000000000e+00,-1.085731000000000002e+00,1.238730000000000109e+00,-9.155699999999999950e-01,8.175519999999999454e-01,0.000000000000000000e+00,2.857029999999999847e-01,-0.000000000000000000e+00,8.917019999999999946e-01,0.000000000000000000e+00,1.547489999999999977e-01,6.293969999999999843e-01,-1.306680000000000064e-01,0.000000000000000000e+00,1.840999999999999972e-03,-1.931690000000000074e-01,2.754499999999999726e-01,0.000000000000000000e+00,-0.000000000000000000e+00,0.000000000000000000e+00,2.962899999999999978e-01,0.000000000000000000e+00,-4.804399999999999782e-01,-2.332519999999999871e-01,3.061349999999999905e-01,2.551950000000000052e-01,4.404310000000000169e-01,-2.614920000000000022e-01,2.076620000000000132e-01
-0.000000000000000000e+00,0.000000000000000000e+00,-0.000000000000000000e+00,0.000000000000000000e+00,-0.000000000000000000e+00,-0.000000000000000000e+00,-0.000000000000000000e+00,1.191599999999999951e-02,1.926200000000000134e-02,0.000000000000000000e+00,0.000000000000000000e+00,-0.000000000000000000e+00,0.000000000000000000e+00,0.000000000000000000e+00,-0.000000000000000000e+00,-0.000000000000000000e+00,2.065399999999999875e-02,0.000000000000000000e+00,0.000000000000000000e+00,2.938100000000000087e-02,0.000000000000000000e+00,-0.000000000000000000e+00,0.000000000000000000e+00,-0.000000000000000000e+00,-1.956469999999999876e-01,-0.000000000000000000e+00,1.848499999999999865e-01,0.000000000000000000e+00,-3.047710000000000141e-01,-0.000000000000000000e+00,-0.000000000000000000e+00,0.000000000000000000e+00,4.804309999999999969e-01,-0.000000000000000000e+00,0.000000000000000000e+00,-0.000000000000000000e+00,5.518969999999999709e-01,5.530070000000000263e-01,-3.648739999999999761e-01,0.000000000000000000e+00,-5.369639999999999969e-01,-0.000000000000000000e+00,-0.000000000000000000e+00,0.000000000000000000e+00,-0.000000000000000000e+00,-0.000000000000000000e+00,0.000000000000000000e+00,-0.000000000000000000e+00
2.500000000000000120e-05,2.090000000000000115e-04,-1.116900000000000011e-02,-9.136000000000000024e-03,-1.152700000000000079e-02,1.807000000000000012e-03,1.281700000000000027e-02,0.000000000000000000e+00,0.000000000000000000e+00,1.016300000000000016e-02,-6.682999999999999705e-03,5.032000000000000015e-03,1.641199999999999951e-02,-1.613999999999999983e-03,-3.368700000000000166e-02,-6.622799999999999521e-02,-0.000000000000000000e+00,2.402899999999999828e-02,-5.577599999999999919e-02,-0.000000000000000000e+00,6.515300000000000258e-02,-1.323550000000000004e-01,5.689999999999999529e-04,-5.423900000000000249e-02,0.000000000000000000e+00,-7.915500000000000314e-02,-0.000000000000000000e+00,1.383860000000000090e-01,0.000000000000000000e+00,1.651590000000000003e-01,-3.396440000000000015e-01,1.983759999999999968e-01,0.000000000000000000e+00,2.842430000000000234e-01,-4.312599999999999767e-01,-4.541080000000000116e-01,-0.000000000000000000e+00,0.000000000000000000e+00,0.000000000000000000e+00,6.457400000000000639e-02,-0.000000000000000000e+00,4.890740000000000087e-01,-4.083800000000000208e-01,1.458979999999999999e-01,-5.315919999999999535e-01,-4.253460000000000019e-01,6.901599999999999957e-01,-9.639999999999999958e-02
2.120000000000000031e-04,3.890000000000000228e-04,-1.331700000000000071e-02,-2.016400000000000137e-02,-1.125199999999999985e-02,-1.352899999999999936e-02,7.328000000000000312e-03,0.000000000000000000e+00,0.000000000000000000e+00,9.679999999999999369e-03,-9.917999999999999733e-03,1.724399999999999891e-02,1.492600000000000003e-02,-1.752199999999999938e-02,4.322000000000000321e-03,-1.544899999999999919e-02,-0.000000000000000000e+00,8.634100000000000108e-02,-8.701599999999999613e-02,-0.000000000000000000e+00,1.416769999999999974e-01,-1.224810000000000065e-01,1.319829999999999892e-01,-1.451449999999999962e-01,-0.000000000000000000e+00,-9.374599999999999600e-02,-0.000000000000000000e+00,-3.631000000000000200e-02,-0.000000000000000000e+00,6.449999999999999570e-04,3.445090000000000097e-01,-3.406810000000000116e-01,-0.000000000000000000e+00,-1.660530000000000062e-01,6.580600000000000338e-02,9.251800000000000301e-02,0.000000000000000000e+00,-0.000000000000000000e+00,-0.000000000000000000e+00,-2.569799999999999862e-01,-0.000000000000000000e+00,3.918249999999999789e-01,4.183140000000000192e-01,-6.243309999999999693e-01,-6.255479999999999929e-01,-6.900180000000000202e-01,4.240519999999999845e-01,-7.618049999999999544e-01
-1.190000000000000058e-04,2.770000000000000110e-04,1.055730000000000002e-01,-1.917490000000000028e-01,-2.057849999999999957e-01,1.681590000000000029e-01,-2.502730000000000232e-01,-0.000000000000000000e+00,0.000000000000000000e+00,-1.309500000000000074e-02,-3.607799999999999896e-02,2.393199999999999841e-02,1.635500000000000148e-02,1.015189999999999981e-01,2.224980000000000013e-01,5.167890000000000539e-01,-0.000000000000000000e+00,4.914209999999999967e-01,5.335959999999999592e-01,0.000000000000000000e+00,-1.560100000000000028e-02,-1.461780000000000024e-01,-9.811200000000000476e-02,-3.160799999999999721e-02,-0.000000000000000000e+00,-2.358899999999999886e-01,-0.000000000000000000e+00,6.555889999999999773e-01,0.000000000000000000e+00,5.287910000000000110e-01,5.363949999999999552e-01,4.178129999999999900e-01,-0.000000000000000000e+00,1.826600000000000099e-02,2.763490000000000113e-01,2.127699999999999869e-01,0.000000000000000000e+00,0.000000000000000000e+00,0.000000000000000000e+00,2.635950000000000237e-01,-0.000000000000000000e+00,-2.095599999999999963e-01,-3.106400000000000133e-02,-2.588509999999999978e-01,7.029999999999999583e-01,-8.399879999999999569e-01,9.833420000000000494e-01,1.138279999999999959e+00
1.023000000000000038e-03,-6.780000000000000002e-04,6.074000000000000406e-03,-3.539300000000000085e-02,-5.419700000000000212e-02,6.401700000000000446e-02,-1.189039999999999958e-01,-0.000000000000000000e+00,0.000000000000000000e+00,-9.246640000000000414e-01,-1.156930999999999932e+00,1.066832000000000003e+00,-1.645116999999999940e+00,6.875200000000000200e-01,2.706199999999999925e-02,-2.483910000000000007e-01,0.000000000000000000e+00,-1.609790000000000110e-01,-4.254279999999999728e-01,-0.000000000000000000e+00,1.085731000000000002e+00,1.238730000000000109e+00,9.155699999999999950e-01,8.175519999999999454e-01,-0.000000000000000000e+00,-2.857029999999999847e-01,-0.000000000000000000e+00,8.917019999999999946e-01,0.000000000000000000e+00,1.547489999999999977e-01,6.293969999999999843e-01,1.306680000000000064e-01,-0.000000000000000000e+00,1.840000000000000056e-03,1.931690000000000074e-01,-2.754499999999999726e-01,-0.000000000000000000e+00,-0.000000000000000000e+00,-0.000000000000000000e+00,-2.962899999999999978e-01,0.000000000000000000e+00,-4.804399999999999782e-01,-2.332519999999999871e-01,-3.061349999999999905e-01,2.551950000000000052e-01,-4.404310000000000169e-01,2.614920000000000022e-01,2.076620000000000132e-01
-0.000000000000000000e+00,-0.000000000000000000e+00,-0.000000000000000000e+00,-0.000000000000000000e+00,0.000000000000000000e+00,-0.000000000000000000e+00,0.000000000000000000e+00,-2.242299999999999849e-02,3.194999999999999923e-03,0.000000000000000000e+00,-0.000000000000000000e+00,-0.000000000000000000e+00,0.000000000000000000e+00,-0.000000000000000000e+00,-0.000000000000000000e+00,0.000000000000000000e+00,2.065399999999999875e-02,0.000000000000000000e+00,-0.000000000000000000e+00,-2.938100000000000087e-02,-0.000000000000000000e+00,-0.000000000000000000e+00,-0.000000000000000000e+00,-0.000000000000000000e+00,1.956469999999999876e-01,0.000000000000000000e+00,1.848499999999999865e-01,0.000000000000000000e+00,-3.047710000000000141e-01,-0.000000000000000000e+00,-0.000000000000000000e+00,-0.000000000000000000e+00,-4.804309999999999969e-01,-0.000000000000000000e+00,-0.000000000000000000e+00,0.000000000000000000e+00,-5.518969999999999709e-01,5.530070000000000263e-01,3.648739999999999761e-01,-0.000000000000000000e+00,-5.369639999999999969e-01,-0.000000000000000000e+00,-0.000000000000000000e+00,-0.000000000000000000e+00,-0.000000000000000000e+00,0.000000000000000000e+00,-0.000000000000000000e+00,-0.000000000000000000e+00
-2.500000000000000120e-05,2.090000000000000115e-04,1.116900000000000011e-02,-9.136000000000000024e-03,-1.152700000000000079e-02,-1.807000000000000012e-03,-1.281700000000000027e-02,0.000000000000000000e+00,0.000000000000000000e+00,-1.016300000000000016e-02,-6.682999999999999705e-03,5.032000000000000015e-03,-1.641199999999999951e-02,-1.613999999999999983e-03,3.368700000000000166e-02,-6.622799999999999521e-02,0.000000000000000000e+00,-2.402899999999999828e-02,-5.577599999999999919e-02,-0.000000000000000000e+00,6.515300000000000258e-02,1.323550000000000004e-01,5.689999999999999529e-04,5.423900000000000249e-02,0.000000000000000000e+00,-7.915500000000000314e-02,0.000000000000000000e+00,-1.383860000000000090e-01,-0.000000000000000000e+00,-1.651590000000000003e-01,3.396440000000000015e-01,1.983759999999999968e-01,0.000000000000000000e+00,-2.842419999999999947e-01,-4.312610000000000054e-01,-4.541069999999999829e-01,-0.000000000000000000e+00,-0.000000000000000000e+00,0.000000000000000000e+00,6.457400000000000639e-02,0.000000000000000000e+00,-4.890740000000000087e-01,4.083800000000000208e-01,1.458969999999999989e-01,5.315919999999999535e-01,-4.253460000000000019e-01,6.901599999999999957e-01,9.639999999999999958e-02
-2.120000000000000031e-04,3.890000000000000228e-04,1.331700000000000071e-02,-2.016400000000000137e-02,-1.125199999999999985e-02,1.352899999999999936e-02,-7.328000000000000312e-03,-0.000000000000000000e+00,0.000000000000000000e+00,-9.679999999999999369e-03,-9.917999999999999733e-03,1.724399999999999891e-02,-1.492600000000000003e-02,-1.752199999999999938e-02,-4.322000000000000321e-03,-1.544899999999999919e-02,0.000000000000000000e+00,-8.634100000000000108e-02,-8.701599999999999613e-02,-0.000000000000000000e+00,1.416769999999999974e-01,1.224810000000000065e-01,1.319829999999999892e-01,1.451449999999999962e-01,-0.000000000000000000e+00,-9.374599999999999600e-02,0.000000000000000000e+00,3.631000000000000200e-02,0.000000000000000000e+00,-6.449999999999999570e-04,-3.445090000000000097e-01,-3.406799999999999828e-01,-0.000000000000000000e+00,1.660530000000000062e-01,6.580700000000000438e-02,9.251800000000000301e-02,0.000000000000000000e+00,0.000000000000000000e+00,-0.000000000000000000e+00,-2.569799999999999862e-01,0.000000000000000000e+00,-3.918249999999999789e-01,-4.183140000000000192e-01,-6.243309999999999693e-01,6.255479999999999929e-01,-6.900180000000000202e-01,4.240519999999999845e-01,7.618049999999999544e-01
-1.190000000000000058e-04,2.770000000000000110e-04,1.055730000000000002e-01,-1.917490000000000028e-01,2.057849999999999957e-01,1.681590000000000029e-01,2.502730000000000232e-01,-0.000000000000000000e+00,0.000000000000000000e+00,-1.309500000000000074e-02,3.607799999999999896e-02,2.393199999999999841e-02,-1.635500000000000148e-02,1.015189999999999981e-01,2.224980000000000013e-01,-5.167890000000000539e-01,-0.000000000000000000e+00,4.914209999999999967e-01,5.335959999999999592e-01,0.000000000000000000e+00,1.560100000000000028e-02,1.461780000000000024e-01,-9.811200000000000476e-02,-3.160799999999999721e-02,0.000000000000000000e+00,-2.358899999999999886e-01,0.000000000000000000e+00,-6.555889999999999773e-01,-0.000000000000000000e+00,5.287910000000000110e-01,-5.363949999999999552e-01,-4.178129999999999900e-01,-0.000000000000000000e+00,1.826600000000000099e-02,2.763490000000000113e-01,-2.127699999999999869e-01,-0.000000000000000000e+00,0.000000000000000000e+00,0.000000000000000000e+00,2.635950000000000237e-01,0.000000000000000000e+00,2.095599999999999963e-01,-3.106400000000000133e-02,-2.588509999999999978e-01,7.029999999999999583e-01,8.399879999999999569e-01,9.833420000000000494e-01,-1.138279999999999959e+00
1.023000000000000038e-03,-6.780000000000000002e-04,6.074000000000000406e-03,-3.539300000000000085e-02,5.419700000000000212e-02,6.401700000000000446e-02,1.189039999999999958e-01,0.000000000000000000e+00,0.000000000000000000e+00,-9.246640000000000414e-01,1.156930999999999932e+00,1.066832000000000003e+00,1.645116999999999940e+00,6.875200000000000200e-01,2.706199999999999925e-02,2.483910000000000007e-01,0.000000000000000000e+00,-1.609790000000000110e-01,-4.254279999999999728e-01,-0.000000000000000000e+00,-1.085731000000000002e+00,-1.238730000000000109e+00,9.155699999999999950e-01,8.175519999999999454e-01,0.000000000000000000e+00,-2.857029999999999847e-01,0.000000000000000000e+00,-8.917019999999999946e-01,-0.000000000000000000e+00,1.547489999999999977e-01,-6.293969999999999843e-01,-1.306680000000000064e-01,-0.000000000000000000e+00,1.840000000000000056e-03,1.931690000000000074e-01,2.754499999999999726e-01,0.000000000000000000e+00,-0.000000000000000000e+00,-0.000000000000000000e+00,-2.962899999999999978e-01,-0.000000000000000000e+00,4.804399999999999782e-01,-2.332519999999999871e-01,-3.061349999999999905e-01,2.551950000000000052e-01,4.404310000000000169e-01,2.614920000000000022e-01,-2.076620000000000132e-01
0.000000000000000000e+00,-0.000000000000000000e+00,-0.000000000000000000e+00,-0.000000000000000000e+00,-0.000000000000000000e+00,-0.000000000000000000e+00,-0.000000000000000000e+00,-2.242299999999999849e-02,3.194999999999999923e-03,0.000000000000000000e+00,-0.000000000000000000e+00,-0.000000000000000000e+00,-0.000000000000000000e+00,-0.000000000000000000e+00,-0.000000000000000000e+00,-0.000000000000000000e+00,2.065399999999999875e-02,0.000000000000000000e+00,-0.000000000000000000e+00,-2.938100000000000087e-02,0.000000000000000000e+00,0.000000000000000000e+00,-0.000000000000000000e+00,-0.000000000000000000e+00,-1.956479999999999886e-01,0.000000000000000000e+00,1.848499999999999865e-01,-0.000000000000000000e+00,3.047710000000000141e-01,-0.000000000000000000e+00,0.000000000000000000e+00,0.000000000000000000e+00,-4.804309999999999969e-01,-0.000000000000000000e+00,-0.000000000000000000e+00,-0.000000000000000000e+00,5.518969999999999709e-01,5.530070000000000263e-01,3.648739999999999761e-01,-0.000000000000000000e+00,5.369639999999999969e-01,0.000000000000000000e+00,-0.000000000000000000e+00,-0.000000000000000000e+00,-0.000000000000000000e+00,-0.000000000000000000e+00,-0.000000000000000000e+00,0.000000000000000000e+00
-2.500000000000000120e-05,2.090000000000000115e-04,1.116900000000000011e-02,-9.136000000000000024e-03,1.152700000000000079e-02,-1.807000000000000012e-03,1.281700000000000027e-02,0.000000000000000000e+00,0.000000000000000000e+00,-1.016300000000000016e-02,6.682999999999999705e-03,5.032000000000000015e-03,1.641199999999999951e-02,-1.613999999999999983e-03,3.368700000000000166e-02,6.622799999999999521e-02,0.000000000000000000e+00,-2.402899999999999828e-02,-5.577599999999999919e-02,-0.000000000000000000e+00,-6.515300000000000258e-02,-1.323550000000000004e-01,5.689999999999999529e-04,5.423900000000000249e-02,-0.000000000000000000e+00,-7.915500000000000314e-02,-0.000000000000000000e+00,1.383860000000000090e-01,0.000000000000000000e+00,-1.651590000000000003e-01,-3.396440000000000015e-01,-1.983759999999999968e-01,0.000000000000000000e+00,-2.842419999999999947e-01,-4.312610000000000054e-01,4.541069999999999829e-01,0.000000000000000000e+00,-0.000000000000000000e+00,0.000000000000000000e+00,6.457400000000000639e-02,-0.000000000000000000e+00,4.890740000000000087e-01,4.083789999999999920e-01,1.458969999999999989e-01,5.315919999999999535e-01,4.253460000000000019e-01,6.901599999999999957e-01,-9.640100000000000058e-02
2.120000000000000031e-04,-3.890000000000000228e-04,-1.331700000000000071e-02,2.016400000000000137e-02,-1.125199999999999985e-02,-1.352899999999999936e-02,-7.328000000000000312e-03,-0.000000000000000000e+00,-0.000000000000000000e+00,9.679999999999999369e-03,-9.917999999999999733e-03,-1.724399999999999891e-02,-1.492600000000000003e-02,1.752199999999999938e-02,4.322000000000000321e-03,-1.544899999999999919e-02,-0.000000000000000000e+00,8.634100000000000108e-02,8.701599999999999613e-02,0.000000000000000000e+00,1.416769999999999974e-01,1.224800000000000055e-01,-1.319829999999999892e-01,-1.451449999999999962e-01,-0.000000000000000000e+00,9.374599999999999600e-02,-0.000000000000000000e+00,3.631000000000000200e-02,0.000000000000000000e+00,6.449999999999999570e-04,-3.445090000000000097e-01,-3.406799999999999828e-01,0.000000000000000000e+00,-1.660530000000000062e-01,-6.580700000000000438e-02,9.251900000000000401e-02,0.000000000000000000e+00,-0.000000000000000000e+00,0.000000000000000000e+00,2.569799999999999862e-01,0.000000000000000000e+00,-3.918249999999999789e-01,4.183140000000000192e-01,6.243309999999999693e-01,-6.255479999999999929e-01,-6.900169999999999915e-01,-4.240519999999999845e-01,7.618049999999999544e-01
-1.190000000000000058e-04,-2.770000000000000110e-04,1.055730000000000002e-01,1.917490000000000028e-01,-2.057849999999999957e-01,1.681590000000000029e-01,2.502730000000000232e-01,0.000000000000000000e+00,0.000000000000000000e+00,-1.309500000000000074e-02,-3.607799999999999896e-02,-2.393199999999999841e-02,-1.635500000000000148e-02,-1.015189999999999981e-01,2.224980000000000013e-01,5.167890000000000539e-01,-0.000000000000000000e+00,4.914209999999999967e-01,-5.335959999999999592e-01,-0.000000000000000000e+00,-1.560100000000000028e-02,1.461780000000000024e-01,9.811200000000000476e-02,-3.160799999999999721e-02,-0.000000000000000000e+00,2.358899999999999886e-01,0.000000000000000000e+00,-6.555889999999999773e-01,-0.000000000000000000e+00,5.287910000000000110e-01,-5.363940000000000374e-01,4.178129999999999900e-01,0.000000000000000000e+00,1.826699999999999852e-02,-2.763490000000000113e-01,2.127699999999999869e-01,0.000000000000000000e+00,0.000000000000000000e+00,-0.000000000000000000e+00,-2.635950000000000237e-01,0.000000000000000000e+00,2.095599999999999963e-01,-3.106400000000000133e-02,2.588509999999999978e-01,7.029999999999999583e-01,-8.399879999999999569e-01,-9.833420000000000494e-01,-1.138279999999999959e+00
1.023000000000000038e-03,6.780000000000000002e-04,6.074000000000000406e-03,3.539300000000000085e-02,-5.419700000000000212e-02,6.401700000000000446e-02,1.189039999999999958e-01,-0.000000000000000000e+00,0.000000000000000000e+00,-9.246640000000000414e-01,-1.156930999999999932e+00,-1.066832000000000003e+00,1.645116999999999940e+00,-6.875200000000000200e-01,2.706199999999999925e-02,-2.483910000000000007e-01,0.000000000000000000e+00,-1.609790000000000110e-01,4.254279999999999728e-01,0.000000000000000000e+00,1.085731000000000002e+00,-1.238730000000000109e+00,-9.155699999999999950e-01,8.175519999999999454e-01,-0.000000000000000000e+00,2.857029999999999847e-01,0.000000000000000000e+00,-8.917019999999999946e-01,-0.000000000000000000e+00,1.547489999999999977e-01,-6.293969999999999843e-01,1.306680000000000064e-01,0.000000000000000000e+00,1.840999999999999972e-03,-1.931690000000000074e-01,-2.754499999999999726e-01,-0.000000000000000000e+00,-0.000000000000000000e+00,0.000000000000000000e+00,2.962899999999999978e-01,-0.000000000000000000e+00,4.804399999999999782e-01,-2.332519999999999871e-01,3.061349999999999905e-01,2.551950000000000052e-01,-4.404310000000000169e-01,-2.614920000000000022e-01,-2.076620000000000132e-01
-0.000000000000000000e+00,0.000000000000000000e+00,-0.000000000000000000e+00,0.000000000000000000e+00,0.000000000000000000e+00,-0.000000000000000000e+00,-0.000000000000000000e+00,1.191599999999999951e-02,1.926200000000000134e-02,0.000000000000000000e+00,0.000000000000000000e+00,-0.000000000000000000e+00,-0.000000000000000000e+00,0.000000000000000000e+00,-0.000000000000000000e+00,0.000000000000000000e+00,2.065399999999999875e-02,0.000000000000000000e+00,0.000000000000000000e+00,2.938100000000000087e-02,-0.000000000000000000e+00,0.000000000000000000e+00,0.000000000000000000e+00,-0.000000000000000000e+00,1.956469999999999876e-01,-0.000000000000000000e+00,1.848499999999999865e-01,-0.000000000000000000e+00,3.047710000000000141e-01,-0.000000000000000000e+00,0.000000000000000000e+00,-0.000000000000000000e+00,4.804309999999999969e-01,-0.000000000000000000e+00,0.000000000000000000e+00,0.000000000000000000e+00,-5.518969999999999709e-01,5.530070000000000263e-01,-3.648739999999999761e-01,0.000000000000000000e+00,5.369639999999999969e-01,0.000000000000000000e+00,-0.000000000000000000e+00,0.000000000000000000e+00,-0.000000000000000000e+00,0.000000000000000000e+00,0.000000000000000000e+00,0.000000000000000000e+00
2.500000000000000120e-05,2.090000000000000115e-04,-1.116900000000000011e-02,-9.136000000000000024e-03,1.152700000000000079e-02,1.807000000000000012e-03,-1.281700000000000027e-02,0.000000000000000000e+00,0.000000000000000000e+00,1.016300000000000016e-02,6.682999999999999705e-03,5.032000000000000015e-03,-1.641199999999999951e-02,-1.613999999999999983e-03,-3.368700000000000166e-02,6.622799999999999521e-02,-0.000000000000000000e+00,2.402899999999999828e-02,-5.577599999999999919e-02,-0.000000000000000000e+00,-6.515300000000000258e-02,1.323550000000000004e-01,5.689999999999999529e-04,-5.423900000000000249e-02,-0.000000000000000000e+00,-7.915500000000000314e-02,0.000000000000000000e+00,-1.383860000000000090e-01,-0.000000000000000000e+00,1.651590000000000003e-01,3.396440000000000015e-01,-1.983759999999999968e-01,0.000000000000000000e+00,2.842430000000000234e-01,-4.312599999999999767e-01,4.541069999999999829e-01,0.000000000000000000e+00,0.000000000000000000e+00,0.000000000000000000e+00,6.457400000000000639e-02,0.000000000000000000e+00,-4.890740000000000087e-01,-4.083789999999999920e-01,1.458969999999999989e-01,-5.315919999999999535e-01,4.253460000000000019e-01,6.901599999999999957e-01,9.640100000000000058e-02
-2.120000000000000031e-04,-3.890000000000000228e-04,1.331700000000000071e-02,2.016400000000000137e-02,-1.125199999999999985e-02,1.352899999999999936e-02,7.328000000000000312e-03,-0.000000000000000000e+00,-0.000000000000000000e+00,-9.679999999999999369e-03,-9.917999999999999733e-03,-1.724399999999999891e-02,1.492600000000000003e-02,1.752199999999999938e-02,-4.322000000000000321e-03,-1.544899999999999919e-02,0.000000000000000000e+00,-8.634100000000000108e-02,8.701599999999999613e-02,0.000000000000000000e+00,1.416769999999999974e-01,-1.224800000000000055e-01,-1.319829999999999892e-01,1.451449999999999962e-01,-0.000000000000000000e+00,9.374599999999999600e-02,0.000000000000000000e+00,-3.631000000000000200e-02,-0.000000000000000000e+00,-6.449999999999999570e-04,3.445090000000000097e-01,-3.406810000000000116e-01,0.000000000000000000e+00,1.660530000000000062e-01,-6.580600000000000338e-02,9.251900000000000401e-02,0.000000000000000000e+00,0.000000000000000000e+00,0.000000000000000000e+00,2.569799999999999862e-01,-0.000000000000000000e+00,3.918249999999999789e-01,-4.183140000000000192e-01,6.243309999999999693e-01,6.255479999999999929e-01,-6.900169999999999915e-01,-4.240519999999999845e-01,-7.618049999999999544e-01
